"Test Suite","Test Case","Test Step","Step Type","Step Status","Result message","Execution Date"
"Quiz App API TestSuite","/user/ TestCase","Request 1","restrequest","OK","","22-Nov-2024 08_22",
"Quiz App API TestSuite","/user/ TestCase","Request 1","restrequest","OK","","22-Nov-2024 08_22",
"Quiz App API TestSuite","/user/ TestCase","Request 1","restrequest","OK","","22-Nov-2024 08_22",
"Quiz App API TestSuite","/user/ TestCase","Request 1","restrequest","OK","","22-Nov-2024 08_22",
"Quiz App API TestSuite","/user/ TestCase","Request 1","restrequest","OK","","22-Nov-2024 08_22",
"Quiz App API TestSuite","/user/ TestCase","Request 1","restrequest","OK","","22-Nov-2024 08_22",
"Quiz App API TestSuite","/user/ TestCase","Request 1","restrequest","OK","","22-Nov-2024 08_22",
"Quiz App API TestSuite","/user/ TestCase","Request 1","restrequest","OK","","22-Nov-2024 08_22",
"Quiz App API TestSuite","/user/ TestCase","Request 1","restrequest","OK","","22-Nov-2024 08_22",
"Quiz App API TestSuite","/user/ TestCase","Request 1","restrequest","OK","","22-Nov-2024 08_22",
"Quiz App API TestSuite","/user/ TestCase","Request 1","restrequest","FAILED","Message:[Contains 5] Missing token [pande] in Response
","22-Nov-2024 08_22",
"Quiz App API TestSuite","/user/ TestCase","Request 1","restrequest","FAILED","Message:[Contains 5] Missing token [pande] in Response
","22-Nov-2024 08_22",
